date,product,sales
2023-01-01,Camera,15117
2023-01-01,Headphones,49514
2023-01-01,Laptop,37723
2023-01-01,Headphones,38100
2023-01-02,Headphones,20072
2023-01-02,Tablet,26459
2023-01-03,Headphones,29431
2023-01-03,Mobile,14107
2023-01-04,Mobile,3313
2023-01-04,Mobile,39743
2023-01-05,Laptop,7789
2023-01-05,Headphones,23070
2023-01-05,Mobile,32271
2023-01-05,Tablet,47617
2023-01-06,Camera,23042
2023-01-06,Laptop,45082
2023-01-06,Laptop,14551
2023-01-06,Headphones,4692
2023-01-07,Tablet,9480
2023-01-07,Laptop,9472
2023-01-07,Tablet,16594
2023-01-08,Tablet,20833
2023-01-08,Headphones,37172
2023-01-08,Mobile,8797
2023-01-08,Laptop,39086
2023-01-09,Tablet,1520
2023-01-09,Camera,10889
2023-01-09,Mobile,5939
2023-01-10,Camera,48487
2023-01-10,Tablet,4596
2023-01-11,Camera,37938
2023-01-11,Tablet,13947
2023-01-12,Mobile,6769
2023-01-12,Mobile,13771
2023-01-13,Camera,10643
2023-01-13,Laptop,39655
2023-01-13,Laptop,30977
2023-01-13,Laptop,18388
2023-01-14,Camera,28182
2023-01-14,Tablet,9073
2023-01-15,Mobile,29848
2023-01-15,Tablet,36677
2023-01-15,Laptop,15401
2023-01-16,Tablet,24106
2023-01-16,Mobile,38254
2023-01-16,Headphones,15232
2023-01-17,Laptop,21276
2023-01-17,Tablet,18270
2023-01-17,Camera,32830
2023-01-17,Mobile,43966
2023-01-18,Laptop,13451
2023-01-18,Headphones,36007
2023-01-18,Laptop,32459
2023-01-18,Tablet,2660
2023-01-19,Camera,49267
2023-01-19,Mobile,1895
2023-01-19,Laptop,46820
2023-01-19,Tablet,21245
2023-01-20,Headphones,44403
2023-01-20,Tablet,40825
2023-01-20,Headphones,49501
2023-01-21,Laptop,46274
2023-01-21,Mobile,45278
2023-01-21,Mobile,44181
2023-01-21,Mobile,10471
2023-01-22,Headphones,28013
2023-01-22,Tablet,18484
2023-01-23,Camera,38188
2023-01-23,Mobile,46550
2023-01-23,Tablet,24740
2023-01-24,Mobile,24022
2023-01-24,Mobile,11092
2023-01-24,Mobile,13865
2023-01-24,Camera,37459
2023-01-25,Laptop,39428
2023-01-25,Headphones,36238
2023-01-26,Headphones,21597
2023-01-26,Mobile,21232
2023-01-26,Headphones,17166
2023-01-26,Tablet,18046
2023-01-27,Mobile,7336
2023-01-27,Camera,33026
2023-01-27,Tablet,38415
2023-01-27,Mobile,41023
2023-01-28,Laptop,34096
2023-01-28,Tablet,15812
2023-01-28,Tablet,47185
2023-01-28,Laptop,2591
2023-01-29,Tablet,49866
2023-01-29,Laptop,31868
2023-01-29,Tablet,41683
2023-01-30,Camera,22526
2023-01-30,Laptop,15906
2023-01-30,Camera,37976
2023-01-30,Headphones,33963
2023-01-31,Camera,33890
2023-01-31,Tablet,47626
2023-01-31,Camera,41194
2023-02-01,Mobile,18559
2023-02-01,Laptop,6957
2023-02-01,Laptop,36535
2023-02-01,Headphones,6110
2023-02-02,Mobile,47784
2023-02-02,Camera,18491
2023-02-02,Mobile,40700
2023-02-03,Mobile,24402
2023-02-03,Tablet,18315
2023-02-03,Tablet,49883
2023-02-03,Headphones,4168
2023-02-04,Mobile,46822
2023-02-04,Camera,22543
2023-02-04,Mobile,30057
2023-02-04,Headphones,19159
2023-02-05,Tablet,39537
2023-02-05,Headphones,1746
2023-02-05,Mobile,25527
2023-02-06,Tablet,24453
2023-02-06,Tablet,31609
2023-02-06,Tablet,1875
2023-02-06,Mobile,19466
2023-02-07,Laptop,4905
2023-02-07,Headphones,25996
2023-02-08,Headphones,22745
2023-02-08,Mobile,48858
2023-02-08,Mobile,8696
2023-02-08,Tablet,31268
2023-02-09,Laptop,1346
2023-02-09,Mobile,29186
2023-02-09,Mobile,16212
2023-02-10,Mobile,42215
2023-02-10,Laptop,46686
2023-02-11,Mobile,26335
2023-02-11,Headphones,17583
2023-02-11,Mobile,45156
2023-02-12,Mobile,26834
2023-02-12,Laptop,35596
2023-02-12,Headphones,41099
2023-02-12,Mobile,12178
2023-02-13,Camera,49300
2023-02-13,Tablet,32854
2023-02-13,Laptop,11170
2023-02-14,Headphones,39362
2023-02-14,Tablet,25043
2023-02-15,Headphones,26907
2023-02-15,Mobile,49555
2023-02-16,Headphones,38314
2023-02-16,Mobile,45452
2023-02-16,Tablet,7492
2023-02-17,Headphones,8727
2023-02-17,Mobile,14338
2023-02-18,Headphones,4806
2023-02-18,Headphones,26762
2023-02-18,Tablet,18755
2023-02-18,Tablet,48897
2023-02-19,Headphones,44644
2023-02-19,Camera,44867
2023-02-19,Tablet,6560
2023-02-20,Camera,12966
2023-02-20,Tablet,37989
2023-02-21,Headphones,12912
2023-02-21,Tablet,49896
2023-02-21,Mobile,3511
2023-02-22,Mobile,40899
2023-02-22,Headphones,10136
2023-02-23,Mobile,20493
2023-02-23,Laptop,29865
2023-02-23,Laptop,19955
2023-02-23,Laptop,23096
2023-02-24,Tablet,13304
2023-02-24,Headphones,17074
2023-02-24,Tablet,11802
2023-02-24,Camera,24396
2023-02-25,Mobile,18619
2023-02-25,Headphones,9858
2023-02-26,Camera,19405
2023-02-26,Laptop,9334
2023-02-26,Tablet,3234
2023-02-26,Mobile,5699
2023-02-27,Laptop,48717
2023-02-27,Tablet,28787
2023-02-27,Mobile,19090
2023-02-27,Tablet,49756
2023-02-28,Camera,21174
2023-02-28,Headphones,20452
2023-03-01,Laptop,6063
2023-03-01,Camera,1951
2023-03-01,Camera,2365
2023-03-01,Laptop,27288
2023-03-02,Camera,37769
2023-03-02,Laptop,35300
2023-03-03,Camera,6328
2023-03-03,Tablet,33919
2023-03-03,Mobile,36140
2023-03-03,Camera,7202
2023-03-04,Headphones,6997
2023-03-04,Headphones,36260
2023-03-05,Headphones,14280
2023-03-05,Mobile,40108
2023-03-05,Camera,19774
2023-03-05,Laptop,40161
2023-03-06,Mobile,8366
2023-03-06,Mobile,24240
2023-03-07,Laptop,49694
2023-03-07,Laptop,21628
2023-03-08,Laptop,10600
2023-03-08,Headphones,10768
2023-03-08,Mobile,5129
2023-03-09,Headphones,33731
2023-03-09,Camera,5266
2023-03-09,Headphones,29489
2023-03-09,Mobile,25560
2023-03-10,Headphones,30782
2023-03-10,Mobile,43444
2023-03-10,Tablet,23122
2023-03-11,Headphones,39131
2023-03-11,Headphones,8298
2023-03-11,Mobile,38798
2023-03-12,Tablet,18724
2023-03-12,Mobile,1477
2023-03-13,Camera,38570
2023-03-13,Camera,40797
2023-03-13,Laptop,47493
2023-03-14,Laptop,49205
2023-03-14,Headphones,18047
2023-03-14,Headphones,43990
2023-03-14,Laptop,4137
2023-03-15,Headphones,28044
2023-03-15,Tablet,21435
2023-03-15,Tablet,33604
2023-03-16,Camera,37648
2023-03-16,Camera,14210
2023-03-16,Mobile,34827
2023-03-17,Mobile,40094
2023-03-17,Camera,8039
2023-03-17,Headphones,38103
2023-03-17,Tablet,46735
2023-03-18,Laptop,23629
2023-03-18,Mobile,24654
2023-03-18,Mobile,41561
2023-03-18,Tablet,24718
2023-03-19,Mobile,32439
2023-03-19,Laptop,26243
2023-03-20,Headphones,48914
2023-03-20,Camera,26192
2023-03-20,Headphones,41315
2023-03-21,Tablet,35829
2023-03-21,Laptop,31165
2023-03-21,Laptop,33637
2023-03-21,Laptop,31028
2023-03-22,Headphones,3666
2023-03-22,Tablet,31943
2023-03-23,Camera,3651
2023-03-23,Laptop,13918
2023-03-24,Headphones,24974
2023-03-24,Mobile,10582
2023-03-25,Tablet,24603
2023-03-25,Tablet,44111
2023-03-26,Camera,17227
2023-03-26,Camera,27273
2023-03-26,Headphones,36926
2023-03-26,Headphones,17832
2023-03-27,Tablet,42965
2023-03-27,Camera,6006
2023-03-27,Mobile,31504
2023-03-28,Tablet,36480
2023-03-28,Laptop,27087
2023-03-29,Mobile,46397
2023-03-29,Camera,21393
2023-03-29,Headphones,17854
2023-03-30,Headphones,23501
2023-03-30,Laptop,47643
2023-03-30,Tablet,13995
2023-03-30,Tablet,41439
2023-03-31,Mobile,20199
2023-03-31,Headphones,43238
2023-03-31,Tablet,36468
2023-04-01,Laptop,40470
2023-04-01,Laptop,23717
2023-04-01,Headphones,25707
2023-04-01,Tablet,31547
2023-04-02,Headphones,8497
2023-04-02,Laptop,26701
2023-04-02,Laptop,26092
2023-04-03,Tablet,20364
2023-04-03,Headphones,24854
2023-04-03,Headphones,2181
2023-04-03,Mobile,19260
2023-04-04,Camera,45921
2023-04-04,Tablet,25228
2023-04-05,Camera,5767
2023-04-05,Tablet,42683
2023-04-05,Camera,30283
2023-04-05,Laptop,44925
2023-04-06,Headphones,42431
2023-04-06,Camera,28358
2023-04-07,Headphones,46747
2023-04-07,Mobile,47411
2023-04-07,Tablet,10303
2023-04-08,Headphones,36130
2023-04-08,Headphones,49507
2023-04-08,Tablet,26155
2023-04-08,Camera,22222
2023-04-09,Mobile,49936
2023-04-09,Camera,8021
2023-04-09,Mobile,12678
2023-04-09,Mobile,34690
2023-04-10,Tablet,45331
2023-04-10,Tablet,11218
2023-04-11,Laptop,33623
2023-04-11,Mobile,6921
2023-04-12,Camera,25062
2023-04-12,Camera,13012
2023-04-12,Tablet,20705
2023-04-12,Headphones,22487
2023-04-13,Laptop,38654
2023-04-13,Camera,49674
2023-04-14,Tablet,34011
2023-04-14,Laptop,37372
2023-04-15,Mobile,37808
2023-04-15,Headphones,37251
2023-04-16,Headphones,48943
2023-04-16,Mobile,33993
2023-04-16,Laptop,19684
2023-04-17,Headphones,12068
2023-04-17,Laptop,33243
2023-04-18,Headphones,38497
2023-04-18,Mobile,3815
2023-04-19,Camera,12761
2023-04-19,Tablet,32523
2023-04-19,Tablet,24797
2023-04-20,Tablet,9349
2023-04-20,Mobile,9531
2023-04-21,Tablet,13778
2023-04-21,Camera,5325
2023-04-21,Mobile,33568
2023-04-22,Laptop,30755
2023-04-22,Camera,42592
2023-04-22,Camera,20570
2023-04-23,Mobile,17897
2023-04-23,Headphones,10724
2023-04-23,Tablet,31441
2023-04-23,Mobile,21254
2023-04-24,Camera,30778
2023-04-24,Mobile,34257
2023-04-24,Tablet,1638
2023-04-25,Tablet,24171
2023-04-25,Tablet,11546
2023-04-26,Laptop,45478
2023-04-26,Headphones,21232
2023-04-27,Mobile,10633
2023-04-27,Headphones,47889
2023-04-27,Headphones,19904
2023-04-28,Laptop,41374
2023-04-28,Camera,1567
2023-04-29,Mobile,7415
2023-04-29,Laptop,29486
2023-04-29,Headphones,47849
2023-04-30,Camera,26334
2023-04-30,Headphones,8090
2023-04-30,Headphones,40063
2023-04-30,Camera,49335
2023-05-01,Camera,24487
2023-05-01,Laptop,36591
2023-05-01,Mobile,42472
2023-05-01,Headphones,32896
2023-05-02,Camera,49842
2023-05-02,Laptop,29290
2023-05-02,Laptop,18827
2023-05-02,Tablet,49232
2023-05-03,Tablet,5312
2023-05-03,Mobile,17153
2023-05-03,Mobile,25104
2023-05-04,Laptop,37286
2023-05-04,Camera,17341
2023-05-04,Headphones,37729
2023-05-04,Mobile,38537
2023-05-05,Mobile,28824
2023-05-05,Laptop,24165
2023-05-06,Headphones,43273
2023-05-06,Laptop,28398
2023-05-06,Camera,44169
2023-05-06,Headphones,38414
2023-05-07,Camera,3922
2023-05-07,Camera,24034
2023-05-07,Mobile,21964
2023-05-08,Mobile,9768
2023-05-08,Camera,23717
2023-05-08,Laptop,15971
2023-05-09,Mobile,19645
2023-05-09,Headphones,46178
2023-05-10,Tablet,36997
2023-05-10,Tablet,45520
2023-05-11,Tablet,2013
2023-05-11,Mobile,41945
2023-05-12,Mobile,39729
2023-05-12,Tablet,26729
2023-05-12,Headphones,24566
2023-05-12,Tablet,29902
2023-05-13,Headphones,2234
2023-05-13,Headphones,15450
2023-05-13,Tablet,33382
2023-05-14,Tablet,7340
2023-05-14,Tablet,36310
2023-05-14,Laptop,9843
2023-05-14,Laptop,6405
2023-05-15,Mobile,21302
2023-05-15,Tablet,37791
2023-05-15,Camera,19822
2023-05-16,Mobile,17583
2023-05-16,Laptop,33020
2023-05-17,Tablet,32812
2023-05-17,Headphones,49124
2023-05-18,Laptop,45654
2023-05-18,Mobile,30541
2023-05-18,Mobile,16969
2023-05-19,Laptop,10503
2023-05-19,Mobile,27506
2023-05-20,Laptop,42565
2023-05-20,Tablet,46484
2023-05-20,Camera,18340
2023-05-20,Headphones,3686
2023-05-21,Headphones,49068
2023-05-21,Camera,23057
2023-05-22,Camera,23438
2023-05-22,Camera,25361
2023-05-22,Camera,47480
2023-05-22,Headphones,26133
2023-05-23,Tablet,31573
2023-05-23,Headphones,13013
2023-05-23,Laptop,25389
2023-05-23,Laptop,25824
2023-05-24,Mobile,41641
2023-05-24,Camera,32842
2023-05-24,Camera,30059
2023-05-24,Tablet,25138
2023-05-25,Tablet,11099
2023-05-25,Mobile,46357
2023-05-25,Tablet,9865
2023-05-25,Tablet,11574
2023-05-26,Mobile,28598
2023-05-26,Laptop,23950
2023-05-27,Tablet,20001
2023-05-27,Tablet,45440
2023-05-27,Camera,41008
2023-05-28,Mobile,28072
2023-05-28,Laptop,20282
2023-05-29,Laptop,42075
2023-05-29,Camera,31612
2023-05-30,Tablet,29376
2023-05-30,Laptop,48921
2023-05-31,Headphones,18355
2023-05-31,Laptop,35213
2023-05-31,Headphones,47470
2023-06-01,Headphones,11219
2023-06-01,Camera,29220
2023-06-01,Headphones,43133
2023-06-01,Camera,47695
2023-06-02,Tablet,23733
2023-06-02,Laptop,28830
2023-06-03,Laptop,29715
2023-06-03,Tablet,47537
2023-06-03,Camera,46785
2023-06-03,Laptop,37786
2023-06-04,Camera,20617
2023-06-04,Mobile,46819
2023-06-04,Tablet,3524
2023-06-04,Laptop,49172
2023-06-05,Camera,13199
2023-06-05,Camera,7538
2023-06-06,Mobile,45316
2023-06-06,Camera,3740
2023-06-06,Laptop,9538
2023-06-07,Mobile,14991
2023-06-07,Headphones,28053
2023-06-08,Mobile,47605
2023-06-08,Camera,6357
2023-06-08,Camera,19371
2023-06-08,Laptop,4549
2023-06-09,Mobile,46311
2023-06-09,Camera,10767
2023-06-09,Tablet,22233
2023-06-09,Mobile,6389
2023-06-10,Headphones,33811
2023-06-10,Laptop,9529
2023-06-10,Camera,44471
2023-06-11,Camera,14265
2023-06-11,Headphones,4212
2023-06-11,Laptop,20062
2023-06-11,Headphones,41342
2023-06-12,Laptop,37530
2023-06-12,Tablet,29624
2023-06-12,Mobile,44937
2023-06-12,Tablet,1654
2023-06-13,Laptop,14318
2023-06-13,Tablet,3864
2023-06-13,Tablet,9225
2023-06-13,Camera,39508
2023-06-14,Headphones,2925
2023-06-14,Camera,10342
2023-06-14,Mobile,14407
2023-06-15,Camera,20258
2023-06-15,Laptop,8698
2023-06-16,Tablet,24606
2023-06-16,Tablet,33963
2023-06-16,Laptop,5197
2023-06-16,Headphones,31734
2023-06-17,Headphones,45045
2023-06-17,Camera,40612
2023-06-17,Headphones,48498
2023-06-17,Tablet,36990
2023-06-18,Headphones,6719
2023-06-18,Headphones,24895
2023-06-18,Headphones,44457
2023-06-18,Tablet,8378
2023-06-19,Mobile,27076
2023-06-19,Mobile,19935
2023-06-19,Mobile,13811
2023-06-20,Tablet,22994
2023-06-20,Headphones,49903
2023-06-21,Headphones,25324
2023-06-21,Laptop,41384
2023-06-22,Headphones,30316
2023-06-22,Camera,49743
2023-06-22,Camera,27156
2023-06-23,Mobile,45169
2023-06-23,Tablet,29428
2023-06-24,Tablet,32397
2023-06-24,Camera,15376
2023-06-24,Headphones,42276
2023-06-25,Laptop,2463
2023-06-25,Camera,30984
2023-06-26,Tablet,9621
2023-06-26,Camera,26948
2023-06-27,Laptop,28731
2023-06-27,Tablet,48974
2023-06-27,Laptop,27009
2023-06-27,Tablet,13757
2023-06-28,Mobile,16695
2023-06-28,Mobile,20374
2023-06-28,Camera,34493
2023-06-28,Tablet,37365
2023-06-29,Camera,29735
2023-06-29,Headphones,45014
2023-06-29,Tablet,39111
2023-06-30,Headphones,20858
2023-06-30,Mobile,44039
2023-06-30,Headphones,2924
2023-06-30,Laptop,29699
2023-07-01,Tablet,40902
2023-07-01,Camera,3915
2023-07-01,Mobile,7561
2023-07-02,Laptop,14360
2023-07-02,Tablet,5172
2023-07-02,Mobile,29250
2023-07-02,Camera,3983
2023-07-03,Tablet,38975
2023-07-03,Headphones,37687
2023-07-03,Camera,17859
2023-07-03,Camera,48308
2023-07-04,Tablet,4136
2023-07-04,Laptop,34003
2023-07-04,Tablet,11522
2023-07-04,Laptop,42031
2023-07-05,Tablet,10194
2023-07-05,Headphones,42907
2023-07-05,Laptop,45002
2023-07-06,Mobile,46379
2023-07-06,Tablet,40954
2023-07-07,Camera,22978
2023-07-07,Mobile,27652
2023-07-07,Tablet,40962
2023-07-07,Mobile,4961
2023-07-08,Tablet,11902
2023-07-08,Laptop,32536
2023-07-08,Mobile,14410
2023-07-09,Mobile,4415
2023-07-09,Tablet,14269
2023-07-10,Laptop,11417
2023-07-10,Tablet,13513
2023-07-11,Headphones,40210
2023-07-11,Laptop,45179
2023-07-11,Camera,12200
2023-07-11,Laptop,32710
2023-07-12,Laptop,1750
2023-07-12,Laptop,40039
2023-07-12,Headphones,37869
2023-07-13,Headphones,32992
2023-07-13,Camera,24663
2023-07-14,Headphones,5862
2023-07-14,Camera,31229
2023-07-14,Tablet,28871
2023-07-14,Mobile,37550
2023-07-15,Camera,4099
2023-07-15,Tablet,13269
2023-07-16,Mobile,46351
2023-07-16,Mobile,3546
2023-07-17,Mobile,42177
2023-07-17,Camera,37493
2023-07-17,Camera,34115
2023-07-17,Tablet,6485
2023-07-18,Tablet,12843
2023-07-18,Camera,17603
2023-07-18,Laptop,24552
2023-07-19,Camera,4821
2023-07-19,Laptop,42879
2023-07-19,Camera,26786
2023-07-20,Headphones,28230
2023-07-20,Tablet,32781
2023-07-21,Headphones,27506
2023-07-21,Laptop,6254
2023-07-22,Tablet,36719
2023-07-22,Tablet,38140
2023-07-22,Laptop,45395
2023-07-23,Tablet,6894
2023-07-23,Headphones,32967
2023-07-24,Tablet,47333
2023-07-24,Laptop,28095
2023-07-24,Headphones,9670
2023-07-24,Headphones,19112
2023-07-25,Laptop,11744
2023-07-25,Laptop,41579
2023-07-26,Mobile,45989
2023-07-26,Camera,21552
2023-07-27,Laptop,33088
2023-07-27,Mobile,11244
2023-07-27,Camera,25027
2023-07-28,Mobile,39736
2023-07-28,Tablet,31705
2023-07-28,Camera,3165
2023-07-29,Headphones,33025
2023-07-29,Tablet,27864
2023-07-29,Headphones,1733
2023-07-29,Camera,43965
2023-07-30,Camera,31794
2023-07-30,Headphones,9274
2023-07-30,Laptop,17294
2023-07-31,Tablet,4031
2023-07-31,Headphones,33930
2023-08-01,Laptop,14408
2023-08-01,Camera,44807
2023-08-01,Mobile,30540
2023-08-02,Camera,40221
2023-08-02,Mobile,28121
2023-08-02,Camera,37439
2023-08-02,Camera,22733
2023-08-03,Tablet,5839
2023-08-03,Mobile,38392
2023-08-03,Camera,19421
2023-08-04,Tablet,47665
2023-08-04,Laptop,17595
2023-08-04,Headphones,7284
2023-08-05,Laptop,24331
2023-08-05,Laptop,11271
2023-08-05,Headphones,44445
2023-08-06,Headphones,12934
2023-08-06,Tablet,41097
2023-08-06,Laptop,12531
2023-08-06,Tablet,7412
2023-08-07,Camera,38907
2023-08-07,Tablet,38826
2023-08-07,Camera,36215
2023-08-08,Camera,21838
2023-08-08,Laptop,40974
2023-08-08,Camera,28845
2023-08-09,Camera,49558
2023-08-09,Laptop,32607
2023-08-09,Tablet,11130
2023-08-10,Mobile,5708
2023-08-10,Tablet,15664
2023-08-11,Headphones,31737
2023-08-11,Camera,9472
2023-08-11,Laptop,10452
2023-08-12,Camera,38388
2023-08-12,Headphones,17784
2023-08-12,Laptop,19676
2023-08-12,Tablet,8671
2023-08-13,Laptop,26910
2023-08-13,Headphones,9240
2023-08-13,Camera,17825
2023-08-14,Camera,10065
2023-08-14,Mobile,7254
2023-08-15,Mobile,12823
2023-08-15,Headphones,16667
2023-08-15,Tablet,13618
2023-08-15,Laptop,8900
2023-08-16,Mobile,20436
2023-08-16,Mobile,34124
2023-08-17,Laptop,32234
2023-08-17,Mobile,36011
2023-08-17,Mobile,48431
2023-08-17,Headphones,35462
2023-08-18,Mobile,37169
2023-08-18,Camera,48678
2023-08-18,Mobile,13194
2023-08-19,Laptop,33688
2023-08-19,Camera,13634
2023-08-20,Headphones,11063
2023-08-20,Tablet,19964
2023-08-20,Tablet,1560
2023-08-21,Tablet,49983
2023-08-21,Camera,6250
2023-08-21,Mobile,21240
2023-08-22,Mobile,27868
2023-08-22,Tablet,23153
2023-08-22,Mobile,18984
2023-08-23,Laptop,47208
2023-08-23,Laptop,26929
2023-08-24,Mobile,16663
2023-08-24,Mobile,34373
2023-08-24,Mobile,48819
2023-08-25,Tablet,29982
2023-08-25,Mobile,40976
2023-08-25,Camera,43141
2023-08-26,Headphones,21864
2023-08-26,Mobile,45074
2023-08-27,Headphones,11253
2023-08-27,Camera,8564
2023-08-27,Mobile,44576
2023-08-28,Mobile,11681
2023-08-28,Camera,32784
2023-08-28,Headphones,9473
2023-08-28,Camera,27984
2023-08-29,Headphones,34651
2023-08-29,Laptop,5449
2023-08-29,Camera,48804
2023-08-29,Tablet,43371
2023-08-30,Camera,8430
2023-08-30,Camera,36663
2023-08-30,Headphones,5430
2023-08-31,Headphones,10582
2023-08-31,Laptop,18024
2023-08-31,Camera,33190
2023-09-01,Mobile,49971
2023-09-01,Mobile,12897
2023-09-01,Mobile,16271
2023-09-01,Laptop,32503
2023-09-02,Laptop,3169
2023-09-02,Mobile,1335
2023-09-03,Camera,29510
2023-09-03,Headphones,1791
2023-09-04,Headphones,33754
2023-09-04,Headphones,49660
2023-09-05,Tablet,14703
2023-09-05,Headphones,7578
2023-09-05,Mobile,38004
2023-09-05,Camera,1870
2023-09-06,Mobile,1344
2023-09-06,Headphones,32053
2023-09-07,Tablet,15720
2023-09-07,Mobile,5653
2023-09-08,Tablet,33409
2023-09-08,Laptop,25990
2023-09-08,Camera,47362
2023-09-09,Camera,10180
2023-09-09,Laptop,1410
2023-09-09,Mobile,33482
2023-09-09,Laptop,38041
2023-09-10,Headphones,31324
2023-09-10,Mobile,17993
2023-09-10,Laptop,39400
2023-09-10,Camera,5978
2023-09-11,Camera,26218
2023-09-11,Headphones,20189
2023-09-11,Tablet,8830
2023-09-11,Camera,49929
2023-09-12,Mobile,26571
2023-09-12,Mobile,40829
2023-09-12,Camera,26799
2023-09-13,Camera,39014
2023-09-13,Camera,40145
2023-09-14,Laptop,10018
2023-09-14,Camera,36069
2023-09-14,Laptop,16220
2023-09-14,Tablet,39584
2023-09-15,Mobile,5998
2023-09-15,Tablet,16596
2023-09-15,Camera,18596
2023-09-15,Mobile,9817
2023-09-16,Headphones,4259
2023-09-16,Laptop,14907
2023-09-16,Camera,31370
2023-09-16,Camera,5552
2023-09-17,Tablet,34542
2023-09-17,Tablet,4604
2023-09-18,Mobile,44786
2023-09-18,Laptop,2739
2023-09-19,Mobile,10244
2023-09-19,Mobile,43361
2023-09-19,Mobile,5564
2023-09-20,Mobile,37849
2023-09-20,Camera,39063
2023-09-20,Headphones,46618
2023-09-20,Camera,14733
2023-09-21,Mobile,49652
2023-09-21,Laptop,24652
2023-09-21,Mobile,15324
2023-09-22,Laptop,7204
2023-09-22,Camera,3811
2023-09-23,Camera,21150
2023-09-23,Headphones,19347
2023-09-24,Laptop,13738
2023-09-24,Camera,7714
2023-09-25,Tablet,19487
2023-09-25,Mobile,16868
2023-09-25,Laptop,10281
2023-09-25,Laptop,36867
2023-09-26,Mobile,45909
2023-09-26,Mobile,5161
2023-09-26,Laptop,36437
2023-09-26,Camera,32161
2023-09-27,Mobile,18155
2023-09-27,Laptop,22973
2023-09-27,Mobile,14267
2023-09-28,Mobile,31176
2023-09-28,Headphones,29419
2023-09-29,Laptop,12942
2023-09-29,Camera,12665
2023-09-30,Headphones,29137
2023-09-30,Laptop,40261
2023-10-01,Mobile,47108
2023-10-01,Headphones,48634
2023-10-01,Tablet,31977
2023-10-02,Laptop,41827
2023-10-02,Laptop,22363
2023-10-02,Mobile,12807
2023-10-02,Laptop,45245
2023-10-03,Camera,13269
2023-10-03,Camera,47631
2023-10-04,Laptop,17001
2023-10-04,Tablet,39971
2023-10-05,Tablet,3157
2023-10-05,Laptop,3893
2023-10-06,Tablet,39918
2023-10-06,Camera,2919
2023-10-07,Mobile,5807
2023-10-07,Camera,28298
2023-10-07,Headphones,4184
2023-10-07,Headphones,16547
2023-10-08,Headphones,38121
2023-10-08,Headphones,42698
2023-10-08,Headphones,28406
2023-10-09,Laptop,12027
2023-10-09,Mobile,13790
2023-10-10,Laptop,24514
2023-10-10,Tablet,33356
2023-10-10,Tablet,10090
2023-10-11,Mobile,21418
2023-10-11,Tablet,3453
2023-10-11,Laptop,2275
2023-10-11,Mobile,11230
2023-10-12,Tablet,15567
2023-10-12,Headphones,25807
2023-10-12,Mobile,37190
2023-10-12,Laptop,26089
2023-10-13,Laptop,12532
2023-10-13,Tablet,15505
2023-10-13,Laptop,36714
2023-10-14,Tablet,38601
2023-10-14,Camera,6342
2023-10-14,Camera,48281
2023-10-15,Laptop,33406
2023-10-15,Camera,4927
2023-10-15,Camera,6260
2023-10-16,Camera,11680
2023-10-16,Mobile,46572
2023-10-16,Headphones,25865
2023-10-17,Tablet,7200
2023-10-17,Laptop,47762
2023-10-17,Camera,4453
2023-10-17,Laptop,16198
2023-10-18,Tablet,6891
2023-10-18,Mobile,8248
2023-10-19,Mobile,20837
2023-10-19,Tablet,41985
2023-10-19,Camera,33990
2023-10-20,Camera,31406
2023-10-20,Camera,26245
2023-10-20,Headphones,18199
2023-10-21,Camera,48385
2023-10-21,Mobile,26795
2023-10-21,Laptop,42201
2023-10-22,Laptop,43084
2023-10-22,Laptop,38067
2023-10-22,Headphones,2276
2023-10-23,Camera,7546
2023-10-23,Camera,3416
2023-10-24,Camera,24212
2023-10-24,Mobile,3205
2023-10-25,Tablet,24864
2023-10-25,Mobile,41769
2023-10-26,Camera,15251
2023-10-26,Camera,48740
2023-10-26,Tablet,44382
2023-10-26,Camera,13850
2023-10-27,Laptop,31741
2023-10-27,Camera,33929
2023-10-28,Tablet,38332
2023-10-28,Tablet,1197
2023-10-28,Mobile,18642
2023-10-29,Tablet,33662
2023-10-29,Mobile,16907
2023-10-29,Tablet,19382
2023-10-29,Headphones,45018
2023-10-30,Headphones,45063
2023-10-30,Headphones,48535
2023-10-30,Laptop,10366
2023-10-30,Tablet,16428
2023-10-31,Tablet,23892
2023-10-31,Headphones,49355
2023-10-31,Laptop,29198
2023-11-01,Headphones,28672
2023-11-01,Laptop,36210
2023-11-01,Camera,44366
2023-11-02,Camera,11797
2023-11-02,Headphones,44440
2023-11-02,Laptop,29247
2023-11-03,Laptop,9122
2023-11-03,Tablet,31179
2023-11-03,Mobile,12583
2023-11-03,Mobile,10505
2023-11-04,Tablet,13007
2023-11-04,Tablet,27391
2023-11-04,Tablet,27689
2023-11-04,Mobile,29729
2023-11-05,Mobile,18390
2023-11-05,Headphones,4363
2023-11-06,Laptop,27585
2023-11-06,Laptop,21014
2023-11-06,Camera,20545
2023-11-07,Laptop,17685
2023-11-07,Mobile,5188
2023-11-07,Mobile,19205
2023-11-08,Laptop,34997
2023-11-08,Tablet,49724
2023-11-09,Tablet,45057
2023-11-09,Headphones,2383
2023-11-09,Mobile,44824
2023-11-09,Tablet,16255
2023-11-10,Laptop,4470
2023-11-10,Headphones,40436
2023-11-10,Laptop,36912
2023-11-10,Headphones,15848
2023-11-11,Headphones,42494
2023-11-11,Tablet,1777
2023-11-11,Headphones,36431
2023-11-11,Tablet,12895
2023-11-12,Camera,48540
2023-11-12,Headphones,26864
2023-11-12,Headphones,34184
2023-11-12,Headphones,2129
2023-11-13,Headphones,40024
2023-11-13,Tablet,1781
2023-11-14,Tablet,28865
2023-11-14,Headphones,7374
2023-11-15,Tablet,40236
2023-11-15,Tablet,36841
2023-11-16,Tablet,42876
2023-11-16,Laptop,34764
2023-11-16,Tablet,43148
2023-11-16,Headphones,10355
2023-11-17,Mobile,27900
2023-11-17,Headphones,18100
2023-11-17,Tablet,48527
2023-11-18,Mobile,43051
2023-11-18,Mobile,18959
2023-11-19,Camera,9448
2023-11-19,Mobile,18457
2023-11-19,Camera,34760
2023-11-20,Mobile,44588
2023-11-20,Headphones,6579
2023-11-20,Headphones,22976
2023-11-21,Mobile,34418
2023-11-21,Tablet,11730
2023-11-21,Laptop,22604
2023-11-22,Laptop,34803
2023-11-22,Headphones,38428
2023-11-22,Tablet,32036
2023-11-23,Headphones,29258
2023-11-23,Mobile,33280
2023-11-23,Tablet,41309
2023-11-23,Laptop,4164
2023-11-24,Laptop,34258
2023-11-24,Tablet,47636
2023-11-24,Laptop,4494
2023-11-24,Tablet,30924
2023-11-25,Laptop,34894
2023-11-25,Mobile,28081
2023-11-25,Mobile,46926
2023-11-26,Camera,35843
2023-11-26,Mobile,21196
2023-11-26,Headphones,35133
2023-11-26,Tablet,41773
2023-11-27,Laptop,47956
2023-11-27,Mobile,22915
2023-11-28,Mobile,40477
2023-11-28,Mobile,46107
2023-11-29,Laptop,2932
2023-11-29,Headphones,2836
2023-11-29,Headphones,22826
2023-11-29,Tablet,3556
2023-11-30,Tablet,25730
2023-11-30,Tablet,28657
2023-11-30,Tablet,15627
2023-12-01,Mobile,39565
2023-12-01,Laptop,42877
2023-12-02,Mobile,45030
2023-12-02,Tablet,3522
2023-12-03,Tablet,34182
2023-12-03,Mobile,35390
2023-12-04,Tablet,2269
2023-12-04,Laptop,14930
2023-12-05,Mobile,46214
2023-12-05,Laptop,32470
2023-12-05,Tablet,20393
2023-12-05,Headphones,39280
2023-12-06,Mobile,16829
2023-12-06,Laptop,14612
2023-12-07,Tablet,19731
2023-12-07,Headphones,49195
2023-12-07,Headphones,44764
2023-12-07,Laptop,5634
2023-12-08,Tablet,30120
2023-12-08,Laptop,10486
2023-12-09,Headphones,47874
2023-12-09,Headphones,27851
2023-12-09,Mobile,25133
2023-12-09,Headphones,12323
2023-12-10,Camera,28590
2023-12-10,Headphones,16761
2023-12-10,Mobile,22574
2023-12-11,Tablet,43459
2023-12-11,Tablet,16163
2023-12-11,Laptop,46576
2023-12-12,Camera,9944
2023-12-12,Mobile,33629
2023-12-13,Mobile,39967
2023-12-13,Headphones,22569
2023-12-13,Camera,5919
2023-12-13,Headphones,33406
2023-12-14,Laptop,43723
2023-12-14,Camera,10628
2023-12-15,Camera,23032
2023-12-15,Tablet,19914
2023-12-15,Headphones,40574
2023-12-15,Headphones,14796
2023-12-16,Camera,22128
2023-12-16,Headphones,33075
2023-12-16,Camera,8196
2023-12-16,Tablet,12360
2023-12-17,Headphones,34779
2023-12-17,Headphones,14093
2023-12-17,Camera,21525
2023-12-18,Tablet,41330
2023-12-18,Mobile,2420
2023-12-19,Camera,39795
2023-12-19,Camera,37744
2023-12-20,Laptop,29631
2023-12-20,Camera,37400
2023-12-21,Laptop,5054
2023-12-21,Mobile,6259
2023-12-22,Laptop,29230
2023-12-22,Tablet,38449
2023-12-23,Headphones,3941
2023-12-23,Tablet,9377
2023-12-24,Headphones,21435
2023-12-24,Tablet,7869
2023-12-24,Headphones,11778
2023-12-25,Tablet,3268
2023-12-25,Mobile,7162
2023-12-26,Headphones,48167
2023-12-26,Headphones,31892
2023-12-27,Headphones,48437
2023-12-27,Mobile,5994
2023-12-27,Laptop,19340
2023-12-28,Laptop,14426
2023-12-28,Camera,29040
2023-12-28,Camera,14166
2023-12-29,Mobile,22459
2023-12-29,Laptop,31867
2023-12-29,Headphones,27973
2023-12-30,Mobile,32085
2023-12-30,Tablet,37004
2023-12-30,Tablet,41306
2023-12-30,Tablet,38580
2023-12-31,Headphones,20304
2023-12-31,Mobile,23257
2024-01-01,Headphones,12283
2024-01-01,Mobile,41607
2024-01-02,Camera,23448
2024-01-02,Camera,19390
2024-01-03,Tablet,42454
2024-01-03,Mobile,24982
2024-01-03,Camera,5675
2024-01-03,Laptop,46248
2024-01-04,Tablet,9333
2024-01-04,Tablet,1962
2024-01-04,Camera,15267
2024-01-04,Mobile,43065
2024-01-05,Camera,8453
2024-01-05,Camera,23604
2024-01-05,Mobile,30625
2024-01-05,Headphones,2555
2024-01-06,Camera,33583
2024-01-06,Camera,39169
2024-01-06,Camera,29868
2024-01-06,Mobile,18812
2024-01-07,Mobile,31611
2024-01-07,Tablet,29430
2024-01-07,Headphones,1870
2024-01-08,Headphones,13588
2024-01-08,Mobile,29152
2024-01-08,Laptop,14871
2024-01-08,Tablet,14405
2024-01-09,Headphones,32115
2024-01-09,Tablet,13683
2024-01-09,Laptop,2813
2024-01-09,Tablet,30024
2024-01-10,Mobile,48705
2024-01-10,Tablet,43282
2024-01-10,Camera,8196
2024-01-11,Camera,8621
2024-01-11,Camera,11294
2024-01-12,Headphones,25208
2024-01-12,Camera,15540
2024-01-12,Tablet,34950
2024-01-12,Laptop,45049
2024-01-13,Camera,42768
2024-01-13,Mobile,31344
2024-01-13,Headphones,26228
2024-01-13,Camera,27160
2024-01-14,Tablet,6520
2024-01-14,Headphones,5850
2024-01-15,Laptop,12195
2024-01-15,Mobile,22745
2024-01-15,Camera,6586
2024-01-15,Camera,4311
2024-01-16,Tablet,18600
2024-01-16,Tablet,40584
2024-01-17,Camera,30266
2024-01-17,Laptop,44333
2024-01-17,Headphones,19070
2024-01-17,Laptop,21526
2024-01-18,Tablet,5365
2024-01-18,Camera,27652
2024-01-19,Laptop,5069
2024-01-19,Laptop,6353
2024-01-19,Camera,12235
2024-01-20,Headphones,21617
2024-01-20,Mobile,2362
2024-01-21,Laptop,47148
2024-01-21,Camera,6249
2024-01-21,Headphones,34655
2024-01-21,Camera,43177
2024-01-22,Mobile,7474
2024-01-22,Laptop,25623
2024-01-22,Mobile,29682
2024-01-22,Tablet,34813
2024-01-23,Camera,39284
2024-01-23,Headphones,31069
2024-01-23,Tablet,25290
2024-01-23,Tablet,5167
2024-01-24,Mobile,11867
2024-01-24,Laptop,7676
2024-01-25,Camera,38865
2024-01-25,Camera,48280
2024-01-25,Headphones,29253
2024-01-25,Headphones,43258
2024-01-26,Headphones,47065
2024-01-26,Laptop,14496
2024-01-26,Tablet,40203
2024-01-27,Tablet,6126
2024-01-27,Headphones,28271
2024-01-28,Headphones,21642
2024-01-28,Tablet,30411
2024-01-28,Laptop,2475
2024-01-29,Laptop,29089
2024-01-29,Headphones,17564
2024-01-29,Headphones,13271
2024-01-30,Laptop,7844
2024-01-30,Tablet,46071
2024-01-31,Camera,29147
2024-01-31,Tablet,11679
2024-01-31,Mobile,47765
2024-02-01,Tablet,33324
2024-02-01,Tablet,20956
2024-02-01,Tablet,4516
2024-02-01,Mobile,49339
2024-02-02,Tablet,21221
2024-02-02,Laptop,1205
2024-02-02,Headphones,23336
2024-02-02,Laptop,22854
2024-02-03,Headphones,11087
2024-02-03,Tablet,3698
2024-02-03,Headphones,36935
2024-02-03,Tablet,36656
2024-02-04,Headphones,43888
2024-02-04,Camera,36830
2024-02-04,Camera,37160
2024-02-04,Laptop,3908
2024-02-05,Laptop,23915
2024-02-05,Headphones,48816
2024-02-05,Tablet,11303
2024-02-05,Laptop,47910
2024-02-06,Tablet,23007
2024-02-06,Mobile,5832
2024-02-06,Mobile,23238
2024-02-07,Laptop,46749
2024-02-07,Mobile,37459
2024-02-07,Mobile,27028
2024-02-08,Headphones,45122
2024-02-08,Tablet,7655
2024-02-09,Headphones,42423
2024-02-09,Laptop,48251
2024-02-10,Headphones,26061
2024-02-10,Mobile,35335
2024-02-10,Camera,31355
2024-02-10,Tablet,21946
2024-02-11,Camera,16832
2024-02-11,Mobile,13260
2024-02-12,Headphones,23023
2024-02-12,Laptop,39935
2024-02-12,Tablet,21821
2024-02-12,Tablet,17053
2024-02-13,Camera,39511
2024-02-13,Headphones,20687
2024-02-13,Laptop,16121
2024-02-14,Camera,1321
2024-02-14,Laptop,2853
2024-02-14,Headphones,3056
2024-02-15,Tablet,21287
2024-02-15,Headphones,1218
2024-02-15,Tablet,37319
2024-02-16,Laptop,42695
2024-02-16,Headphones,11716
2024-02-16,Camera,13046
2024-02-16,Camera,31387
2024-02-17,Laptop,1852
2024-02-17,Camera,34033
2024-02-17,Camera,32579
2024-02-17,Tablet,32189
2024-02-18,Camera,7318
2024-02-18,Mobile,21347
2024-02-18,Tablet,37296
2024-02-18,Headphones,29821
2024-02-19,Mobile,32383
2024-02-19,Laptop,34867
2024-02-19,Laptop,34115
2024-02-20,Tablet,3012
2024-02-20,Tablet,4785
2024-02-21,Tablet,45546
2024-02-21,Headphones,28869
2024-02-21,Mobile,7027
2024-02-21,Mobile,4289
2024-02-22,Headphones,36877
2024-02-22,Headphones,49068
2024-02-22,Mobile,33375
2024-02-22,Tablet,35002
2024-02-23,Laptop,45183
2024-02-23,Mobile,38324
2024-02-23,Mobile,48632
2024-02-24,Laptop,34956
2024-02-24,Mobile,6208
2024-02-24,Tablet,13258
2024-02-24,Laptop,13246
2024-02-25,Tablet,40387
2024-02-25,Headphones,34589
2024-02-25,Headphones,37191
2024-02-26,Mobile,48911
2024-02-26,Laptop,15714
2024-02-26,Camera,14099
2024-02-27,Tablet,22014
2024-02-27,Tablet,27254
2024-02-28,Tablet,14844
2024-02-28,Tablet,10505
2024-02-29,Laptop,24485
2024-02-29,Tablet,15915
2024-02-29,Headphones,27373
2024-02-29,Camera,4693
2024-03-01,Camera,37182
2024-03-01,Mobile,46738
2024-03-01,Camera,32870
2024-03-02,Mobile,6364
2024-03-02,Camera,42876
2024-03-02,Tablet,5254
2024-03-03,Camera,24930
2024-03-03,Headphones,39764
2024-03-03,Laptop,20642
2024-03-04,Laptop,3563
2024-03-04,Mobile,2099
2024-03-04,Headphones,45274
2024-03-05,Mobile,29119
2024-03-05,Mobile,33734
2024-03-05,Mobile,43074
2024-03-05,Camera,46321
2024-03-06,Laptop,19227
2024-03-06,Mobile,8657
2024-03-06,Tablet,14615
2024-03-06,Mobile,21936
2024-03-07,Mobile,30031
2024-03-07,Laptop,5069
2024-03-07,Laptop,24720
2024-03-08,Headphones,16469
2024-03-08,Camera,5137
2024-03-08,Mobile,49385
2024-03-08,Camera,37104
2024-03-09,Camera,29059
2024-03-09,Tablet,16289
2024-03-09,Mobile,45883
2024-03-09,Tablet,7976
2024-03-10,Laptop,23271
2024-03-10,Laptop,12419
2024-03-10,Headphones,6778
2024-03-11,Camera,9454
2024-03-11,Tablet,34007
2024-03-12,Mobile,35478
2024-03-12,Tablet,39865
2024-03-13,Mobile,13543
2024-03-13,Headphones,34484
2024-03-13,Headphones,22893
2024-03-13,Laptop,9027
2024-03-14,Laptop,1512
2024-03-14,Camera,42222
2024-03-14,Camera,6499
2024-03-14,Mobile,42509
2024-03-15,Tablet,21834
2024-03-15,Headphones,14248
2024-03-15,Camera,7225
2024-03-16,Headphones,23906
2024-03-16,Camera,17291
2024-03-16,Laptop,12372
2024-03-16,Tablet,3459
2024-03-17,Mobile,8200
2024-03-17,Laptop,32807
2024-03-18,Mobile,38639
2024-03-18,Laptop,38315
2024-03-19,Mobile,11127
2024-03-19,Headphones,17876
2024-03-19,Headphones,6864
2024-03-19,Camera,45854
2024-03-20,Camera,33801
2024-03-20,Laptop,30794
2024-03-21,Headphones,28364
2024-03-21,Camera,2407
2024-03-22,Tablet,25894
2024-03-22,Tablet,30471
2024-03-22,Mobile,28501
2024-03-23,Tablet,2811
2024-03-23,Headphones,28793
2024-03-23,Mobile,26436
2024-03-23,Camera,12246
2024-03-24,Headphones,48521
2024-03-24,Tablet,7725
2024-03-24,Camera,12859
2024-03-24,Laptop,13232
2024-03-25,Headphones,41928
2024-03-25,Camera,30502
2024-03-25,Tablet,21627
2024-03-26,Headphones,29706
2024-03-26,Laptop,34233
2024-03-26,Tablet,49718
2024-03-26,Headphones,10278
2024-03-27,Tablet,14927
2024-03-27,Headphones,46693
2024-03-28,Laptop,45086
2024-03-28,Headphones,40248
2024-03-29,Camera,18514
2024-03-29,Camera,24576
2024-03-29,Tablet,38163
2024-03-30,Headphones,29666
2024-03-30,Headphones,15112
2024-03-31,Camera,33797
2024-03-31,Camera,42860
2024-03-31,Tablet,1109
2024-04-01,Camera,3118
2024-04-01,Laptop,15512
2024-04-01,Laptop,25938
2024-04-01,Laptop,44186
2024-04-02,Mobile,6257
2024-04-02,Laptop,45070
2024-04-03,Mobile,23394
2024-04-03,Camera,29974
2024-04-03,Tablet,31218
2024-04-03,Tablet,9195
2024-04-04,Headphones,19244
2024-04-04,Headphones,12411
2024-04-05,Mobile,26988
2024-04-05,Laptop,30418
2024-04-05,Headphones,10639
2024-04-05,Mobile,19338
2024-04-06,Tablet,40153
2024-04-06,Mobile,36618
2024-04-06,Camera,20478
2024-04-06,Laptop,21365
2024-04-07,Headphones,11812
2024-04-07,Camera,12598
2024-04-08,Headphones,35576
2024-04-08,Camera,47492
2024-04-09,Tablet,37788
2024-04-09,Camera,20954
2024-04-10,Headphones,6953
2024-04-10,Camera,28967
2024-04-10,Laptop,17957
2024-04-10,Headphones,49661
2024-04-11,Headphones,26172
2024-04-11,Camera,6169
2024-04-11,Mobile,19103
2024-04-11,Mobile,22663
2024-04-12,Headphones,43767
2024-04-12,Mobile,47417
2024-04-12,Camera,41707
2024-04-13,Camera,17593
2024-04-13,Tablet,12919
2024-04-13,Tablet,26063
2024-04-13,Camera,12959
2024-04-14,Laptop,30056
2024-04-14,Tablet,22330
2024-04-14,Tablet,16328
2024-04-15,Tablet,48977
2024-04-15,Camera,15681
2024-04-16,Mobile,17047
2024-04-16,Camera,36709
2024-04-16,Mobile,10366
2024-04-16,Camera,14521
2024-04-17,Laptop,46067
2024-04-17,Tablet,19389
2024-04-18,Mobile,21618
2024-04-18,Headphones,7290
2024-04-19,Mobile,41926
2024-04-19,Camera,15460
2024-04-19,Headphones,48395
2024-04-20,Camera,28872
2024-04-20,Headphones,5865
2024-04-20,Camera,17049
2024-04-20,Laptop,18374
2024-04-21,Headphones,36810
2024-04-21,Mobile,38215
2024-04-21,Tablet,3638
2024-04-21,Mobile,30154
2024-04-22,Mobile,14102
2024-04-22,Laptop,13812
2024-04-22,Camera,20787
2024-04-22,Laptop,15791
2024-04-23,Headphones,41771
2024-04-23,Tablet,44030
2024-04-23,Headphones,28514
2024-04-24,Mobile,20174
2024-04-24,Tablet,5401
2024-04-24,Headphones,42252
2024-04-24,Camera,35832
2024-04-25,Camera,7563
2024-04-25,Headphones,49094
2024-04-25,Headphones,34814
2024-04-26,Mobile,46740
2024-04-26,Headphones,9110
2024-04-27,Camera,6069
2024-04-27,Camera,4076
2024-04-28,Camera,42104
2024-04-28,Laptop,37457
2024-04-29,Camera,20104
2024-04-29,Laptop,5380
2024-04-29,Tablet,21114
2024-04-29,Headphones,6483
2024-04-30,Camera,40158
2024-04-30,Laptop,6045
2024-04-30,Laptop,19576
2024-05-01,Mobile,3876
2024-05-01,Camera,40706
2024-05-01,Laptop,35184
2024-05-02,Camera,6194
2024-05-02,Headphones,11117
2024-05-02,Headphones,3150
2024-05-03,Laptop,3100
2024-05-03,Headphones,19668
2024-05-03,Mobile,34525
2024-05-04,Camera,19755
2024-05-04,Mobile,2589
2024-05-04,Laptop,35528
2024-05-05,Tablet,19096
2024-05-05,Tablet,9317
2024-05-05,Camera,7489
2024-05-06,Tablet,38344
2024-05-06,Camera,43612
2024-05-06,Camera,24084
2024-05-06,Laptop,21508
2024-05-07,Laptop,24264
2024-05-07,Camera,27684
2024-05-07,Headphones,22832
2024-05-08,Camera,6665
2024-05-08,Camera,29502
2024-05-09,Mobile,4368
2024-05-09,Mobile,10107
2024-05-09,Camera,20577
2024-05-09,Camera,18213
2024-05-10,Tablet,32359
2024-05-10,Tablet,41852
2024-05-11,Mobile,4829
2024-05-11,Laptop,35155
2024-05-11,Mobile,7139
2024-05-11,Tablet,48485
2024-05-12,Laptop,26943
2024-05-12,Tablet,32224
2024-05-12,Mobile,38210
2024-05-13,Mobile,31066
2024-05-13,Headphones,32988
2024-05-14,Camera,26234
2024-05-14,Headphones,39665
2024-05-15,Laptop,27432
2024-05-15,Tablet,19160
2024-05-15,Headphones,25279
2024-05-15,Mobile,31930
2024-05-16,Tablet,4571
2024-05-16,Mobile,21870
2024-05-17,Tablet,17767
2024-05-17,Mobile,22346
2024-05-18,Tablet,5238
2024-05-18,Headphones,33050
2024-05-18,Camera,26601
2024-05-18,Laptop,8126
2024-05-19,Laptop,41046
2024-05-19,Mobile,37939
2024-05-19,Mobile,44083
2024-05-19,Camera,7194
2024-05-20,Headphones,40720
2024-05-20,Camera,33486
2024-05-20,Mobile,30066
2024-05-20,Tablet,38875
2024-05-21,Laptop,19820
2024-05-21,Headphones,17511
2024-05-22,Laptop,15465
2024-05-22,Tablet,14472
2024-05-22,Headphones,16773
2024-05-23,Tablet,45701
2024-05-23,Laptop,33028
2024-05-24,Headphones,25800
2024-05-24,Laptop,9507
2024-05-24,Mobile,15880
2024-05-24,Laptop,29847
2024-05-25,Mobile,43217
2024-05-25,Tablet,9112
2024-05-25,Tablet,14542
2024-05-25,Tablet,9239
2024-05-26,Headphones,42223
2024-05-26,Mobile,25629
2024-05-26,Camera,12718
2024-05-27,Tablet,19383
2024-05-27,Tablet,9183
2024-05-27,Mobile,34626
2024-05-27,Tablet,19646
2024-05-28,Tablet,7563
2024-05-28,Laptop,15951
2024-05-28,Mobile,4890
2024-05-29,Camera,1574
2024-05-29,Laptop,4849
2024-05-29,Mobile,39868
2024-05-30,Laptop,28855
2024-05-30,Camera,4627
2024-05-31,Camera,42403
2024-05-31,Headphones,13029
2024-05-31,Mobile,45328
2024-06-01,Laptop,6176
2024-06-01,Mobile,33752
2024-06-02,Camera,45743
2024-06-02,Headphones,12315
2024-06-03,Tablet,24082
2024-06-03,Tablet,27823
2024-06-03,Headphones,28104
2024-06-03,Mobile,25778
2024-06-04,Headphones,27511
2024-06-04,Camera,4490
2024-06-05,Mobile,25033
2024-06-05,Tablet,47670
2024-06-05,Mobile,7204
2024-06-05,Tablet,22947
2024-06-06,Tablet,23127
2024-06-06,Headphones,22670
2024-06-07,Camera,35369
2024-06-07,Tablet,26302
2024-06-07,Laptop,31542
2024-06-08,Tablet,9056
2024-06-08,Camera,2301
2024-06-08,Tablet,12163
2024-06-08,Mobile,10351
2024-06-09,Camera,10702
2024-06-09,Camera,41845
2024-06-09,Tablet,23398
2024-06-09,Tablet,40237
2024-06-10,Mobile,1013
2024-06-10,Mobile,36042
2024-06-10,Mobile,45249
2024-06-10,Camera,22754
2024-06-11,Headphones,32642
2024-06-11,Tablet,30478
2024-06-11,Camera,30901
2024-06-12,Camera,19726
2024-06-12,Headphones,28087
2024-06-13,Tablet,43706
2024-06-13,Tablet,7800
2024-06-13,Mobile,32077
2024-06-14,Laptop,31916
2024-06-14,Laptop,11577
2024-06-14,Laptop,9961
2024-06-15,Camera,15921
2024-06-15,Headphones,19236
2024-06-15,Mobile,3119
2024-06-16,Mobile,48633
2024-06-16,Tablet,14898
2024-06-17,Laptop,13378
2024-06-17,Tablet,18157
2024-06-18,Camera,11523
2024-06-18,Camera,29652
2024-06-18,Headphones,8924
2024-06-19,Mobile,17836
2024-06-19,Headphones,19226
2024-06-19,Tablet,40525
2024-06-20,Headphones,26310
2024-06-20,Laptop,26164
2024-06-21,Mobile,27104
2024-06-21,Camera,35831
2024-06-22,Mobile,28861
2024-06-22,Laptop,14412
2024-06-22,Tablet,25044
2024-06-23,Laptop,28035
2024-06-23,Laptop,3711
2024-06-24,Headphones,38880
2024-06-24,Headphones,37561
2024-06-24,Tablet,48057
2024-06-24,Mobile,12368
2024-06-25,Mobile,5572
2024-06-25,Laptop,4523
2024-06-26,Laptop,20786
2024-06-26,Headphones,34767
2024-06-27,Laptop,43448
2024-06-27,Headphones,34755
2024-06-27,Tablet,32227
2024-06-28,Mobile,40361
2024-06-28,Camera,14989
2024-06-28,Laptop,42746
2024-06-29,Laptop,21383
2024-06-29,Tablet,29519
2024-06-29,Headphones,32082
2024-06-30,Headphones,14592
2024-06-30,Laptop,34106
2024-06-30,Headphones,1264
2024-06-30,Tablet,15395
2024-07-01,Headphones,15294
2024-07-01,Camera,34065
2024-07-02,Mobile,2338
2024-07-02,Laptop,45742
2024-07-02,Camera,1724
2024-07-03,Headphones,33448
2024-07-03,Camera,42404
2024-07-03,Tablet,2421
2024-07-03,Tablet,16593
2024-07-04,Tablet,37916
2024-07-04,Mobile,47619
2024-07-05,Headphones,4507
2024-07-05,Mobile,9605
2024-07-06,Camera,4220
2024-07-06,Tablet,21467
2024-07-07,Laptop,2795
2024-07-07,Tablet,32950
2024-07-07,Camera,24669
2024-07-07,Mobile,37587
2024-07-08,Laptop,8227
2024-07-08,Headphones,3925
2024-07-08,Headphones,22311
2024-07-08,Headphones,45670
2024-07-09,Camera,30656
2024-07-09,Mobile,8411
2024-07-09,Laptop,14256
2024-07-09,Camera,27622
2024-07-10,Mobile,23559
2024-07-10,Camera,18913
2024-07-10,Laptop,48714
2024-07-10,Laptop,47035
2024-07-11,Headphones,49863
2024-07-11,Headphones,16766
2024-07-11,Headphones,36643
2024-07-11,Headphones,24380
2024-07-12,Headphones,5376
2024-07-12,Headphones,34304
2024-07-12,Laptop,14684
2024-07-12,Headphones,38481
2024-07-13,Tablet,29331
2024-07-13,Tablet,15749
2024-07-13,Laptop,43117
2024-07-13,Headphones,14947
2024-07-14,Camera,22587
2024-07-14,Mobile,7540
2024-07-14,Laptop,18027
2024-07-14,Tablet,37851
2024-07-15,Mobile,30660
2024-07-15,Mobile,39166
2024-07-15,Mobile,3137
2024-07-15,Tablet,6185
2024-07-16,Laptop,38427
2024-07-16,Camera,2996
2024-07-16,Laptop,16548
2024-07-16,Mobile,35336
2024-07-17,Laptop,32197
2024-07-17,Headphones,40299
2024-07-18,Mobile,46357
2024-07-18,Headphones,5494
2024-07-18,Laptop,7959
2024-07-19,Laptop,46134
2024-07-19,Headphones,27177
2024-07-19,Tablet,32197
2024-07-19,Camera,47948
2024-07-20,Tablet,36023
2024-07-20,Headphones,16069
2024-07-20,Laptop,17400
2024-07-21,Tablet,15566
2024-07-21,Laptop,14762
2024-07-21,Headphones,22461
2024-07-22,Laptop,25262
2024-07-22,Tablet,40097
2024-07-22,Camera,23903
2024-07-23,Laptop,49156
2024-07-23,Laptop,42485
2024-07-23,Mobile,27184
2024-07-23,Mobile,8278
2024-07-24,Mobile,48941
2024-07-24,Mobile,45964
2024-07-25,Headphones,16662
2024-07-25,Headphones,45836
2024-07-25,Laptop,28481
2024-07-25,Mobile,30410
2024-07-26,Mobile,14255
2024-07-26,Headphones,5494
2024-07-26,Laptop,14934
2024-07-27,Mobile,26840
2024-07-27,Mobile,8572
2024-07-27,Headphones,5048
2024-07-27,Mobile,15949
2024-07-28,Tablet,34318
2024-07-28,Laptop,24775
2024-07-29,Camera,5244
2024-07-29,Laptop,10434
2024-07-30,Tablet,5060
2024-07-30,Camera,20506
2024-07-31,Laptop,25973
2024-07-31,Mobile,5625
2024-07-31,Camera,36377
2024-08-01,Mobile,12292
2024-08-01,Tablet,13337
2024-08-02,Headphones,37494
2024-08-02,Mobile,39309
2024-08-02,Mobile,44536
2024-08-02,Laptop,17121
2024-08-03,Mobile,22487
2024-08-03,Laptop,44012
2024-08-03,Headphones,37156
2024-08-03,Tablet,38637
2024-08-04,Tablet,12640
2024-08-04,Camera,48325
2024-08-05,Tablet,25260
2024-08-05,Camera,8840
2024-08-05,Tablet,22537
2024-08-06,Laptop,12219
2024-08-06,Headphones,39350
2024-08-07,Mobile,17731
2024-08-07,Laptop,8395
2024-08-07,Camera,43727
2024-08-07,Mobile,38336
2024-08-08,Tablet,25414
2024-08-08,Camera,24253
2024-08-08,Camera,47984
2024-08-09,Headphones,33083
2024-08-09,Mobile,40411
2024-08-09,Laptop,20126
2024-08-09,Tablet,38838
2024-08-10,Laptop,26307
2024-08-10,Camera,44729
2024-08-11,Tablet,12054
2024-08-11,Headphones,29856
2024-08-12,Tablet,45123
2024-08-12,Headphones,26423
2024-08-13,Camera,8461
2024-08-13,Tablet,44747
2024-08-13,Tablet,2591
2024-08-14,Laptop,25228
2024-08-14,Tablet,22207
2024-08-14,Headphones,8650
2024-08-14,Laptop,22271
2024-08-15,Tablet,27198
2024-08-15,Laptop,38890
2024-08-15,Laptop,16210
2024-08-16,Laptop,26002
2024-08-16,Laptop,34696
2024-08-17,Tablet,45416
2024-08-17,Mobile,45486
2024-08-17,Tablet,17345
2024-08-18,Headphones,10200
2024-08-18,Tablet,39418
2024-08-18,Tablet,16243
2024-08-18,Laptop,4141
2024-08-19,Tablet,1385
2024-08-19,Laptop,43562
2024-08-19,Camera,24361
2024-08-19,Laptop,33135
2024-08-20,Laptop,41706
2024-08-20,Mobile,45015
2024-08-21,Tablet,11076
2024-08-21,Mobile,27667
2024-08-21,Headphones,12432
2024-08-21,Mobile,36548
2024-08-22,Mobile,35133
2024-08-22,Mobile,26181
2024-08-22,Mobile,30778
2024-08-22,Headphones,35305
2024-08-23,Headphones,1961
2024-08-23,Laptop,5712
2024-08-23,Headphones,41661
2024-08-23,Laptop,45302
2024-08-24,Mobile,31511
2024-08-24,Laptop,7220
2024-08-24,Camera,13131
2024-08-25,Laptop,12721
2024-08-25,Laptop,29320
2024-08-25,Camera,20998
2024-08-26,Tablet,5634
2024-08-26,Mobile,48484
2024-08-26,Mobile,10888
2024-08-27,Tablet,46163
2024-08-27,Headphones,16542
2024-08-28,Tablet,9424
2024-08-28,Mobile,29626
2024-08-28,Tablet,46280
2024-08-28,Tablet,33051
2024-08-29,Camera,34302
2024-08-29,Mobile,34705
2024-08-30,Headphones,24652
2024-08-30,Laptop,22074
2024-08-31,Headphones,40306
2024-08-31,Headphones,4475
2024-08-31,Tablet,35283
2024-08-31,Mobile,34246
2024-09-01,Laptop,33159
2024-09-01,Laptop,31317
2024-09-02,Camera,46733
2024-09-02,Camera,8936
2024-09-02,Camera,37947
2024-09-03,Laptop,36004
2024-09-03,Mobile,48120
2024-09-03,Camera,42743
2024-09-03,Tablet,9226
2024-09-04,Tablet,47426
2024-09-04,Laptop,3767
2024-09-04,Headphones,25626
2024-09-05,Laptop,21927
2024-09-05,Laptop,4937
2024-09-05,Headphones,5418
2024-09-06,Laptop,26462
2024-09-06,Camera,3661
2024-09-07,Laptop,48694
2024-09-07,Headphones,47506
2024-09-07,Laptop,44619
2024-09-07,Headphones,15285
2024-09-08,Tablet,10217
2024-09-08,Headphones,31384
2024-09-08,Headphones,47032
2024-09-09,Mobile,21852
2024-09-09,Mobile,4747
2024-09-09,Headphones,7658
2024-09-09,Headphones,34477
2024-09-10,Camera,45165
2024-09-10,Mobile,44281
2024-09-11,Camera,1585
2024-09-11,Tablet,47109
2024-09-12,Tablet,40453
2024-09-12,Tablet,28169
2024-09-12,Tablet,3020
2024-09-13,Laptop,5715
2024-09-13,Laptop,10871
2024-09-13,Tablet,40778
2024-09-13,Camera,22372
2024-09-14,Headphones,27495
2024-09-14,Camera,14187
2024-09-15,Camera,7850
2024-09-15,Headphones,47998
2024-09-16,Tablet,37024
2024-09-16,Headphones,44073
2024-09-16,Tablet,9092
2024-09-16,Laptop,47715
2024-09-17,Camera,47213
2024-09-17,Laptop,37414
2024-09-17,Tablet,16009
2024-09-18,Headphones,22280
2024-09-18,Camera,8748
2024-09-18,Laptop,26112
2024-09-19,Tablet,17089
2024-09-19,Headphones,7578
2024-09-19,Laptop,49924
2024-09-20,Tablet,42443
2024-09-20,Camera,39453
2024-09-20,Camera,5875
2024-09-20,Mobile,9768
2024-09-21,Laptop,36206
2024-09-21,Laptop,29215
2024-09-21,Mobile,22003
2024-09-22,Tablet,34204
2024-09-22,Laptop,27681
2024-09-22,Mobile,48894
2024-09-22,Laptop,45414
2024-09-23,Laptop,16015
2024-09-23,Camera,39667
2024-09-23,Camera,45999
2024-09-23,Headphones,12110
2024-09-24,Tablet,39438
2024-09-24,Camera,43711
2024-09-24,Tablet,35649
2024-09-25,Laptop,18836
2024-09-25,Laptop,31574
2024-09-26,Laptop,35473
2024-09-26,Tablet,24978
2024-09-27,Mobile,20047
2024-09-27,Camera,26745
2024-09-28,Tablet,29352
2024-09-28,Mobile,32628
2024-09-29,Headphones,27321
2024-09-29,Mobile,12660
2024-09-30,Headphones,43553
2024-09-30,Tablet,40966
2024-10-01,Tablet,11353
2024-10-01,Laptop,35089
2024-10-01,Laptop,9880
2024-10-02,Tablet,46933
2024-10-02,Camera,27959
2024-10-03,Camera,1635
2024-10-03,Camera,4665
2024-10-03,Headphones,5911
2024-10-04,Camera,45084
2024-10-04,Tablet,42205
2024-10-04,Laptop,40487
2024-10-05,Mobile,37163
2024-10-05,Camera,7394
2024-10-05,Headphones,36370
2024-10-06,Camera,9964
2024-10-06,Laptop,35729
2024-10-07,Tablet,13262
2024-10-07,Headphones,31764
2024-10-07,Mobile,19278
2024-10-07,Tablet,2023
2024-10-08,Camera,18026
2024-10-08,Tablet,38648
2024-10-08,Laptop,34055
2024-10-09,Tablet,45142
2024-10-09,Laptop,8312
2024-10-09,Tablet,41549
2024-10-09,Mobile,10996
2024-10-10,Mobile,12912
2024-10-10,Laptop,16783
2024-10-11,Laptop,47783
2024-10-11,Headphones,15389
2024-10-12,Mobile,4779
2024-10-12,Headphones,43642
2024-10-12,Camera,46267
2024-10-13,Mobile,28443
2024-10-13,Camera,28300
2024-10-13,Mobile,15991
2024-10-13,Camera,36013
2024-10-14,Tablet,8016
2024-10-14,Laptop,22390
2024-10-14,Camera,6413
2024-10-15,Camera,38894
2024-10-15,Camera,21808
2024-10-15,Headphones,40037
2024-10-16,Camera,19706
2024-10-16,Headphones,37795
2024-10-16,Laptop,13487
2024-10-16,Headphones,45072
2024-10-17,Headphones,20658
2024-10-17,Mobile,1332
2024-10-18,Headphones,44199
2024-10-18,Tablet,20217
2024-10-18,Camera,8847
2024-10-18,Tablet,20019
2024-10-19,Mobile,36683
2024-10-19,Mobile,33289
2024-10-19,Tablet,9293
2024-10-19,Tablet,40117
2024-10-20,Camera,20102
2024-10-20,Tablet,16341
2024-10-20,Headphones,10422
2024-10-21,Tablet,28277
2024-10-21,Mobile,45728
2024-10-21,Headphones,16739
2024-10-21,Camera,19915
2024-10-22,Headphones,21939
2024-10-22,Tablet,49850
2024-10-22,Mobile,26441
2024-10-22,Laptop,10454
2024-10-23,Tablet,33126
2024-10-23,Laptop,42675
2024-10-23,Laptop,45578
2024-10-23,Camera,23289
2024-10-24,Camera,18856
2024-10-24,Laptop,1182
2024-10-25,Laptop,36821
2024-10-25,Laptop,44346
2024-10-25,Camera,21088
2024-10-25,Tablet,39126
2024-10-26,Tablet,21497
2024-10-26,Mobile,20491
2024-10-26,Tablet,27999
2024-10-27,Tablet,46465
2024-10-27,Mobile,11366
2024-10-27,Tablet,32960
2024-10-28,Camera,42223
2024-10-28,Headphones,16232
2024-10-28,Camera,21334
2024-10-28,Tablet,36361
2024-10-29,Mobile,40666
2024-10-29,Camera,39010
2024-10-29,Mobile,37514
2024-10-30,Tablet,3816
2024-10-30,Laptop,31890
2024-10-30,Camera,6050
2024-10-31,Laptop,35969
2024-10-31,Laptop,22071
2024-11-01,Mobile,23163
2024-11-01,Camera,24915
2024-11-01,Camera,26471
2024-11-01,Mobile,37170
2024-11-02,Mobile,1516
2024-11-02,Camera,15807
2024-11-03,Mobile,41690
2024-11-03,Camera,49371
2024-11-03,Tablet,11757
2024-11-04,Tablet,45147
2024-11-04,Mobile,13762
2024-11-04,Headphones,41591
2024-11-05,Laptop,4154
2024-11-05,Camera,13919
2024-11-05,Headphones,42802
2024-11-06,Mobile,39740
2024-11-06,Tablet,18198
2024-11-06,Mobile,21745
2024-11-07,Camera,4340
2024-11-07,Headphones,12947
2024-11-08,Mobile,44091
2024-11-08,Mobile,37474
2024-11-08,Camera,2225
2024-11-08,Tablet,25046
2024-11-09,Tablet,26511
2024-11-09,Headphones,5807
2024-11-10,Headphones,31803
2024-11-10,Tablet,22183
2024-11-10,Laptop,38092
2024-11-11,Headphones,41996
2024-11-11,Laptop,18957
2024-11-11,Headphones,34159
2024-11-12,Laptop,48988
2024-11-12,Camera,45862
2024-11-13,Headphones,40051
2024-11-13,Mobile,33050
2024-11-14,Tablet,36343
2024-11-14,Tablet,35204
2024-11-14,Headphones,10885
2024-11-15,Mobile,44533
2024-11-15,Tablet,16443
2024-11-16,Camera,41200
2024-11-16,Tablet,15548
2024-11-17,Mobile,31415
2024-11-17,Tablet,19684
2024-11-18,Laptop,13016
2024-11-18,Headphones,1859
2024-11-18,Headphones,15022
2024-11-19,Laptop,13114
2024-11-19,Headphones,10201
2024-11-19,Laptop,26122
2024-11-19,Camera,4987
2024-11-20,Laptop,9919
2024-11-20,Mobile,42088
2024-11-20,Mobile,8966
2024-11-20,Laptop,24235
2024-11-21,Headphones,8231
2024-11-21,Tablet,40325
2024-11-21,Headphones,17724
2024-11-21,Camera,45109
2024-11-22,Mobile,47026
2024-11-22,Headphones,20708
2024-11-23,Tablet,5206
2024-11-23,Camera,21275
2024-11-23,Camera,35792
2024-11-24,Laptop,35059
2024-11-24,Tablet,9999
2024-11-25,Camera,34225
2024-11-25,Headphones,27099
2024-11-25,Mobile,21927
2024-11-26,Laptop,4280
2024-11-26,Laptop,3989
2024-11-26,Camera,24225
2024-11-26,Camera,14452
2024-11-27,Camera,11094
2024-11-27,Tablet,45367
2024-11-27,Tablet,49589
2024-11-27,Laptop,21374
2024-11-28,Mobile,41907
2024-11-28,Camera,47412
2024-11-29,Camera,6837
2024-11-29,Headphones,7798
2024-11-30,Laptop,26713
2024-11-30,Laptop,35411
2024-11-30,Mobile,29857
2024-12-01,Camera,26284
2024-12-01,Camera,36538
2024-12-01,Mobile,20326
2024-12-02,Mobile,1632
2024-12-02,Camera,19402
2024-12-02,Laptop,48528
2024-12-03,Camera,4237
2024-12-03,Camera,22989
2024-12-03,Mobile,21540
2024-12-04,Headphones,39609
2024-12-04,Laptop,38215
2024-12-05,Laptop,31759
2024-12-05,Tablet,21643
2024-12-06,Headphones,18045
2024-12-06,Camera,23633
2024-12-06,Camera,27823
2024-12-06,Camera,26845
2024-12-07,Headphones,19922
2024-12-07,Tablet,43557
2024-12-07,Mobile,17637
2024-12-08,Headphones,43269
2024-12-08,Tablet,12013
2024-12-09,Headphones,32005
2024-12-09,Laptop,31654
2024-12-09,Mobile,40460
2024-12-10,Headphones,38847
2024-12-10,Camera,37003
2024-12-10,Tablet,11639
2024-12-10,Laptop,48709
2024-12-11,Camera,34739
2024-12-11,Tablet,18483
2024-12-11,Camera,20740
2024-12-11,Camera,48684
2024-12-12,Laptop,4988
2024-12-12,Camera,6012
2024-12-12,Camera,20897
2024-12-12,Mobile,38051
2024-12-13,Laptop,29620
2024-12-13,Mobile,49099
2024-12-13,Tablet,26091
2024-12-14,Headphones,44332
2024-12-14,Mobile,16305
2024-12-15,Mobile,27257
2024-12-15,Headphones,41070
2024-12-15,Tablet,33489
2024-12-15,Laptop,49902
2024-12-16,Laptop,29537
2024-12-16,Tablet,43886
2024-12-16,Headphones,48124
2024-12-17,Tablet,21270
2024-12-17,Camera,35823
2024-12-17,Camera,23165
2024-12-18,Laptop,20068
2024-12-18,Mobile,37455
2024-12-18,Tablet,8434
2024-12-18,Camera,14591
2024-12-19,Headphones,29571
2024-12-19,Camera,39612
2024-12-19,Headphones,10976
2024-12-19,Headphones,6727
2024-12-20,Tablet,28292
2024-12-20,Mobile,13983
2024-12-20,Tablet,1488
2024-12-20,Mobile,4877
2024-12-21,Camera,38395
2024-12-21,Laptop,39914
2024-12-22,Laptop,21085
2024-12-22,Mobile,38140
2024-12-23,Camera,24138
2024-12-23,Laptop,46962
2024-12-23,Laptop,10698
2024-12-23,Mobile,18348
2024-12-24,Headphones,30893
2024-12-24,Laptop,26441
2024-12-25,Tablet,31009
2024-12-25,Camera,10558
2024-12-26,Tablet,18678
2024-12-26,Tablet,33363
2024-12-26,Laptop,2898
2024-12-27,Camera,37088
2024-12-27,Mobile,12500
2024-12-27,Headphones,6316
2024-12-28,Headphones,39410
2024-12-28,Laptop,34739
2024-12-29,Camera,30968
2024-12-29,Headphones,23591
2024-12-30,Mobile,43497
2024-12-30,Headphones,20751
2024-12-30,Tablet,1111
2024-12-30,Laptop,9241
2024-12-31,Laptop,4720
2024-12-31,Camera,44155
2024-12-31,Camera,23870
